{
  "accuracy": 0.9240494732020156,
  "precision": 0.9305949008498584,
  "recall": 0.8490566037735849,
  "f1": 0.8879578321394783,
  "confusion_matrix": [
    [
      6801,
      245
    ],
    [
      584,
      3285
    ]
  ],
  "num_samples": 10915
}